frame,time_s,count
0,0.0,25
1,0.042,24
2,0.084,22
3,0.126,24
4,0.167,21
5,0.209,24
6,0.251,23
7,0.293,24
8,0.335,23
9,0.377,22
10,0.418,25
11,0.46,24
12,0.502,22
13,0.544,25
14,0.586,25
15,0.628,21
16,0.669,24
17,0.711,23
18,0.753,25
19,0.795,24
20,0.837,25
21,0.879,24
22,0.92,25
23,0.962,26
24,1.004,23
25,1.046,23
26,1.088,23
27,1.13,24
28,1.171,26
29,1.213,25
30,1.255,26
31,1.297,22
32,1.339,24
33,1.381,27
34,1.422,24
35,1.464,23
36,1.506,22
37,1.548,23
38,1.59,21
39,1.632,22
40,1.673,21
41,1.715,22
42,1.757,22
43,1.799,23
44,1.841,20
45,1.883,20
46,1.924,20
47,1.966,19
48,2.008,20
49,2.05,18
50,2.092,19
51,2.134,20
52,2.175,18
53,2.217,18
54,2.259,22
55,2.301,25
56,2.343,26
57,2.385,29
58,2.426,32
59,2.468,27
60,2.51,25
61,2.552,27
62,2.594,25
63,2.636,23
64,2.677,24
65,2.719,21
66,2.761,21
67,2.803,26
68,2.845,25
69,2.887,24
70,2.928,23
71,2.97,20
72,3.012,19
73,3.054,20
74,3.096,18
75,3.138,21
76,3.179,26
77,3.221,19
78,3.263,20
79,3.305,19
80,3.347,22
81,3.389,23
82,3.43,25
83,3.472,25
84,3.514,28
85,3.556,22
86,3.598,23
87,3.64,21
88,3.681,16
89,3.723,20
90,3.765,19
91,3.807,21
92,3.849,21
93,3.891,20
94,3.932,22
95,3.974,19
96,4.016,20
97,4.058,22
98,4.1,20
99,4.142,23
100,4.183,22
101,4.225,24
102,4.267,25
103,4.309,27
104,4.351,26
105,4.393,23
106,4.434,24
107,4.476,22
108,4.518,26
109,4.56,23
110,4.602,23
111,4.644,23
112,4.685,23
113,4.727,20
114,4.769,20
115,4.811,23
116,4.853,26
117,4.895,23
118,4.936,24
119,4.978,24
120,5.02,26
121,5.062,24
122,5.104,27
123,5.146,27
124,5.187,28
125,5.229,30
126,5.271,30
127,5.313,29
128,5.355,29
129,5.397,27
130,5.438,30
131,5.48,33
132,5.522,30
133,5.564,34
134,5.606,35
135,5.648,32
136,5.689,32
137,5.731,30
138,5.773,26
139,5.815,29
140,5.857,31
141,5.899,27
142,5.94,24
143,5.982,29
144,6.024,28
145,6.066,28
146,6.108,27
147,6.15,27
148,6.191,24
149,6.233,25
150,6.275,26
151,6.317,26
152,6.359,22
153,6.401,23
154,6.442,26
155,6.484,28
156,6.526,30
157,6.568,26
158,6.61,29
159,6.652,27
160,6.693,25
161,6.735,25
162,6.777,27
163,6.819,24
164,6.861,24
165,6.903,26
166,6.944,24
167,6.986,25
168,7.028,23
169,7.07,25
170,7.112,24
171,7.154,27
172,7.195,27
173,7.237,26
174,7.279,28
175,7.321,29
176,7.363,26
177,7.405,25
178,7.446,27
179,7.488,25
180,7.53,28
181,7.572,29
182,7.614,23
183,7.656,27
184,7.697,28
185,7.739,26
186,7.781,29
187,7.823,28
188,7.865,28
189,7.907,28
190,7.948,25
191,7.99,25
192,8.032,14
193,8.074,18
194,8.116,20
195,8.158,22
196,8.199,23
197,8.241,24
198,8.283,23
199,8.325,24
200,8.367,24
201,8.409,22
202,8.45,25
203,8.492,24
204,8.534,23
205,8.576,25
206,8.618,24
207,8.66,21
208,8.701,24
209,8.743,25
210,8.785,26
211,8.827,24
212,8.869,25
213,8.911,26
214,8.952,26
215,8.994,27
216,9.036,23
217,9.078,23
218,9.12,22
219,9.162,24
220,9.203,26
221,9.245,25
222,9.287,26
223,9.329,22
224,9.371,24
225,9.413,27
226,9.454,24
227,9.496,23
228,9.538,22
229,9.58,24
230,9.622,21
231,9.664,22
232,9.705,21
233,9.747,22
234,9.789,22
235,9.831,23
236,9.873,20
237,9.915,21
238,9.956,20
239,9.998,19
240,10.04,20
241,10.082,18
242,10.124,19
243,10.166,20
244,10.207,18
245,10.249,18
246,10.291,22
247,10.333,25
248,10.375,26
249,10.417,29
250,10.458,32
251,10.5,27
252,10.542,25
253,10.584,27
254,10.626,25
255,10.668,23
256,10.709,24
257,10.751,21
258,10.793,21
259,10.835,26
260,10.877,25
261,10.919,24
262,10.96,23
263,11.002,20
264,11.044,19
265,11.086,20
266,11.128,18
267,11.17,21
268,11.211,26
269,11.253,19
270,11.295,20
271,11.337,20
272,11.379,22
273,11.421,23
274,11.462,25
275,11.504,25
276,11.546,28
277,11.588,22
278,11.63,23
279,11.672,21
280,11.713,16
281,11.755,20
282,11.797,19
283,11.839,21
284,11.881,21
285,11.923,20
286,11.964,22
287,12.006,19
288,12.048,20
289,12.09,22
290,12.132,20
291,12.174,23
292,12.215,23
293,12.257,24
294,12.299,25
295,12.341,27
296,12.383,26
297,12.425,23
298,12.466,24
299,12.508,22
300,12.55,26
301,12.592,23
302,12.634,23
303,12.676,23
304,12.717,23
305,12.759,20
306,12.801,20
307,12.843,23
308,12.885,26
309,12.927,23
310,12.968,24
311,13.01,24
312,13.052,26
313,13.094,24
314,13.136,27
315,13.178,27
316,13.219,28
317,13.261,30
318,13.303,30
319,13.345,29
320,13.387,29
321,13.429,27
322,13.47,30
323,13.512,33
324,13.554,30
325,13.596,34
326,13.638,35
327,13.68,32
328,13.721,32
329,13.763,30
330,13.805,26
331,13.847,29
332,13.889,31
333,13.931,27
334,13.972,24
335,14.014,29
336,14.056,28
337,14.098,28
338,14.14,27
339,14.182,27
340,14.223,24
341,14.265,25
342,14.307,26
343,14.349,26
344,14.391,22
345,14.433,23
346,14.474,26
347,14.516,28
348,14.558,30
349,14.6,26
350,14.642,29
351,14.684,27
352,14.725,25
353,14.767,25
354,14.809,27
355,14.851,24
356,14.893,24
357,14.935,26
358,14.976,24
359,15.018,25
360,15.06,23
361,15.102,25
362,15.144,24
363,15.186,27
364,15.227,27
365,15.269,26
366,15.311,28
367,15.353,29
368,15.395,26
369,15.437,25
370,15.478,27
371,15.52,25
372,15.562,28
373,15.604,29
374,15.646,23
375,15.688,27
376,15.729,28
377,15.771,26
378,15.813,29
379,15.855,28
380,15.897,28
381,15.939,28
382,15.98,25
383,16.022,25
384,16.064,14
385,16.106,18
386,16.148,20
387,16.19,22
388,16.231,23
389,16.273,24
390,16.315,23
391,16.357,24
392,16.399,24
393,16.441,22
394,16.482,25
395,16.524,24
396,16.566,23
397,16.608,25
398,16.65,24
399,16.692,21
400,16.733,24
401,16.775,25
402,16.817,26
403,16.859,24
404,16.901,25
405,16.943,26
406,16.984,26
407,17.026,27
408,17.068,23
409,17.11,23
410,17.152,22
411,17.194,24
412,17.235,26
413,17.277,25
414,17.319,26
415,17.361,22
416,17.403,24
417,17.445,27
418,17.486,24
419,17.528,23
420,17.57,22
421,17.612,24
422,17.654,21
423,17.696,22
424,17.737,21
425,17.779,22
426,17.821,22
427,17.863,23
428,17.905,20
429,17.947,21
430,17.988,20
431,18.03,19
432,18.072,20
433,18.114,18
434,18.156,19
435,18.198,20
436,18.239,18
437,18.281,18
438,18.323,22
439,18.365,25
440,18.407,26
441,18.449,29
442,18.49,32
443,18.532,27
444,18.574,25
445,18.616,27
446,18.658,25
447,18.7,23
448,18.741,24
449,18.783,21
450,18.825,21
451,18.867,26
452,18.909,25
453,18.951,24
454,18.992,23
455,19.034,20
456,19.076,19
457,19.118,20
458,19.16,18
459,19.202,21
460,19.243,26
461,19.285,19
462,19.327,20
463,19.369,20
464,19.411,22
465,19.453,23
466,19.494,25
467,19.536,25
468,19.578,28
469,19.62,22
470,19.662,23
471,19.704,21
472,19.745,16
473,19.787,20
474,19.829,19
475,19.871,21
476,19.913,21
477,19.955,20
478,19.996,22
479,20.038,19
480,20.08,20
481,20.122,22
482,20.164,20
483,20.206,23
484,20.247,23
485,20.289,24
486,20.331,25
487,20.373,27
488,20.415,26
489,20.457,23
490,20.498,24
491,20.54,22
492,20.582,26
493,20.624,23
494,20.666,23
495,20.708,23
496,20.749,23
497,20.791,20
498,20.833,20
499,20.875,23
500,20.917,26
501,20.959,23
502,21.0,24
503,21.042,24
504,21.084,26
505,21.126,24
506,21.168,27
507,21.21,27
508,21.251,28
509,21.293,30
510,21.335,30
511,21.377,29
512,21.419,29
513,21.461,27
514,21.502,30
515,21.544,33
516,21.586,30
517,21.628,34
518,21.67,35
519,21.712,32
520,21.753,32
521,21.795,30
522,21.837,26
523,21.879,29
524,21.921,31
525,21.963,27
526,22.004,24
527,22.046,29
528,22.088,28
529,22.13,28
530,22.172,27
531,22.214,27
532,22.255,24
533,22.297,25
534,22.339,26
535,22.381,26
536,22.423,22
537,22.465,23
538,22.506,26
539,22.548,28
540,22.59,30
541,22.632,26
542,22.674,29
543,22.716,27
544,22.757,25
545,22.799,25
546,22.841,27
547,22.883,24
548,22.925,24
549,22.967,26
550,23.008,24
551,23.05,25
552,23.092,23
553,23.134,25
554,23.176,24
555,23.218,27
556,23.259,27
557,23.301,26
558,23.343,28
559,23.385,29
560,23.427,26
561,23.469,25
562,23.51,27
563,23.552,25
564,23.594,28
565,23.636,29
566,23.678,23
567,23.72,27
568,23.761,28
569,23.803,26
570,23.845,29
571,23.887,28
572,23.929,28
573,23.971,28
574,24.012,25
575,24.054,25
576,24.096,14
577,24.138,18
578,24.18,20
579,24.222,22
580,24.263,23
581,24.305,24
582,24.347,23
583,24.389,24
584,24.431,24
585,24.473,22
586,24.514,25
587,24.556,24
588,24.598,23
589,24.64,25
590,24.682,24
591,24.724,21
592,24.765,24
593,24.807,25
594,24.849,26
595,24.891,24
596,24.933,25
597,24.975,26
598,25.016,26
599,25.058,27
600,25.1,23
601,25.142,23
602,25.184,22
603,25.226,24
604,25.267,26
605,25.309,25
606,25.351,26
607,25.393,22
608,25.435,24
609,25.477,27
610,25.518,24
611,25.56,23
612,25.602,22
613,25.644,24
614,25.686,21
615,25.728,22
616,25.769,21
617,25.811,22
618,25.853,22
619,25.895,23
620,25.937,20
621,25.979,21
622,26.02,20
623,26.062,19
624,26.104,20
625,26.146,18
626,26.188,19
627,26.23,20
628,26.271,18
629,26.313,18
630,26.355,22
631,26.397,25
632,26.439,26
633,26.481,29
634,26.522,32
635,26.564,27
636,26.606,25
637,26.648,27
638,26.69,25
639,26.732,23
640,26.773,24
641,26.815,21
642,26.857,21
643,26.899,26
644,26.941,25
645,26.983,24
646,27.024,23
647,27.066,20
648,27.108,19
649,27.15,20
650,27.192,18
651,27.234,21
652,27.275,26
653,27.317,19
654,27.359,20
655,27.401,20
656,27.443,22
657,27.485,23
658,27.526,25
659,27.568,25
660,27.61,28
661,27.652,22
662,27.694,23
663,27.736,21
664,27.777,16
665,27.819,20
666,27.861,19
667,27.903,21
668,27.945,21
669,27.987,20
670,28.028,22
671,28.07,19
672,28.112,20
673,28.154,22
674,28.196,20
675,28.238,23
676,28.279,23
677,28.321,24
678,28.363,25
679,28.405,27
680,28.447,26
681,28.489,23
682,28.53,24
683,28.572,22
684,28.614,26
685,28.656,23
686,28.698,23
687,28.74,23
688,28.781,23
689,28.823,20
690,28.865,20
691,28.907,23
692,28.949,26
693,28.991,23
694,29.032,24
695,29.074,24
696,29.116,26
697,29.158,24
698,29.2,27
699,29.242,27
700,29.283,28
701,29.325,30
702,29.367,30
703,29.409,29
704,29.451,29
705,29.493,27
706,29.534,30
707,29.576,33
708,29.618,30
709,29.66,34
710,29.702,35
711,29.744,32
712,29.785,32
713,29.827,30
714,29.869,26
715,29.911,29
716,29.953,31
717,29.995,27
718,30.036,24
719,30.078,29
720,30.12,28
721,30.162,28
722,30.204,27
723,30.246,27
724,30.287,24
725,30.329,25
726,30.371,26
727,30.413,26
728,30.455,22
729,30.497,23
730,30.538,26
731,30.58,28
732,30.622,30
733,30.664,26
734,30.706,29
735,30.748,27
736,30.789,25
737,30.831,25
738,30.873,27
739,30.915,24
740,30.957,24
741,30.999,26
742,31.04,24
743,31.082,25
744,31.124,23
745,31.166,25
746,31.208,24
747,31.25,27
748,31.291,27
749,31.333,26
750,31.375,28
751,31.417,29
752,31.459,26
753,31.501,25
754,31.542,27
755,31.584,25
756,31.626,28
757,31.668,29
758,31.71,23
759,31.752,27
760,31.793,28
761,31.835,26
762,31.877,29
763,31.919,28
764,31.961,28
765,32.003,28
766,32.044,25
767,32.086,25
